{
    "menus": [
    {
      "title": "General",
      "type": "header"
    },
    {
      "title": "Dashboard",
      "icon": "fa fa-tachometer-alt",
      "active": false,
      "type": "dropdown",
      "badge": {
        "text": "New ",
        "class": "badge-warning"
      },
      "submenus": [
        {
          "title": "Dashboard 1",
          "badge": {
            "text": "Pro ",
            "class": "badge-success"
          }
        },
        {
          "title": "Dashboard 2"
        },
        {
          "title": "Dashboard 3"
        }
      ]
    },
    {
      "title": "E-commerce",
      "icon": "fa fa-shopping-cart",
      "active": false,
      "type": "dropdown",
      "badge": {
        "text": "3",
        "class": "badge-danger"
      },
      "submenus": [
        {
          "title": "Products"
        },
        {
          "title": "Orders"
        },
        {
          "title": "Credit cart"
        }
      ]
    },
    {
      "title": "Components",
      "icon": "far fa-gem",
      "active": false,
      "type": "dropdown",
      "submenus": [
        {
          "title": "General"
        },
        {
          "title": "Panels"
        },
        {
          "title": "Tables"
        },
        {
          "title": "Icons"
        },
        {
          "title": "Forms"
        }
      ]
    },
    {
      "title": "Charts",
      "icon": "fa fa-chart-line",
      "active": false,
      "type": "dropdown",
      "submenus": [
        {
          "title": "Pie chart"
        },
        {
          "title": "Line chart"
        },
        {
          "title": "Bar chart"
        },
        {
          "title": "Histogram"
        }
      ]
    },
    {
      "title": "Maps",
      "icon": "fa fa-globe",
      "active": false,
      "type": "dropdown",
      "submenus": [
        {
          "title": "Google maps"
        },
        {
          "title": "Open street map"
        }
      ]
    },
    {
      "title": "Extra",
      "type": "header"
    },
    {
      "title": "Documentation",
      "icon": "fa fa-book",
      "active": false,
      "type": "simple",
      "badge": {
        "text": "Beta",
        "class": "badge-primary"
      }
    },
    {
      "title": "Calendar",
      "icon": "fa fa-calendar",
      "active": false,
      "type": "simple"
    },
    {
      "title": "Examples",
      "icon": "fa fa-folder",
      "active": false,
      "type": "simple"
    }
  ]
}